source_filename,path,method
openapi3.yml,/users/v1/{username},DELETE
openapi3.yml,/users/v1/{username}/email,PUT
openapi3.yml,/users/v1/{username}/password,PUT
crapi-openapi-spec.json,/workshop/api/shop/orders/{order_id},PUT
crapi-openapi-spec.json,/workshop/api/shop/orders/{order_id},DELETE
crapi-openapi-spec.json,/identity/api/v2/vehicle/{vehicleId}/location,GET
swagger-output.json,/v2/notes/{noteId},GET
swagger-output.json,/v2/notes/{noteId},PUT
swagger-output.json,/v2/notes/{noteId},DELETE
openapi.json,/transactions/{account_number},GET
openapi.json,/check_balance/{account_number},GET
openapi.json,/admin/delete_account/{user_id},POST
openapi.json,/admin/approve_loan/{loan_id},POST
api_1000.yaml,/subscriptions/{subscriptionId}/resourceGroups/{resourceGroupName}/providers/Microsoft.Automation/automationAccounts/{automationAccountName}/runbooks/{runbookName},PUT
api_3575.yaml,/me/joinedTeams/{team-id}/channels/{channel-id}/messages/{chatMessage-id}/hostedContents/{chatMessageHostedContent-id},DELETE
api_2834.yaml,/repos/{owner}/{repo}/actions/runners/{runner_id}/labels/{name},DELETE
api_3039.yaml,/userprofiles/{profileId}/remarketingListShares,PATCH
api_3575.yaml,/groups/{group-id}/planner/plans/{plannerPlan-id}/tasks/{plannerTask-id},DELETE
api_2843.yaml,/gists/{gist_id}/star,PUT
api_0212.yaml,/v1/spaces/{spaceName}/projects/{projectName}/devEnvironments,PUT
api_2845.yaml,/user/keys/{key_id},DELETE
api_2784.yaml,/rest-service-fecru/admin/repositories/{repository}/full-incremental-index,PUT
api_3072.yaml,/drives/{driveId},DELETE
api_0166.yaml,/v20190125/meshes/{meshName}/virtualRouter/{virtualRouterName}/routes,PUT
api_2832.yaml,/repositories/{repository_id}/environments/{environment_name}/secrets/{secret_name},PUT
api_0760.yaml,/{resourceUri}/providers/Microsoft.Advisor/recommendations/{recommendationId}/suppressions/{name},PUT
api_0909.yaml,/subscriptions/{subscriptionId}/resourceGroups/{resourceGroupName}/providers/Microsoft.ApiManagement/service/{serviceName}/subscriptions/{sid},DELETE
api_1583.yaml,/subscriptions/{subscriptionId}/resourceGroups/{resourceGroupName}/providers/Microsoft.DBforMySQL/servers/{serverName}/privateEndpointConnections/{privateEndpointConnectionName},PATCH
api_3607.yaml,/dcim/rack-groups/{id}/,DELETE
api_0784.yaml,/subscriptions/{subscriptionId}/resourceGroups/{resourceGroupName}/providers/Microsoft.ApiManagement/service/{serviceName}/apis/{apiId}/operations/{operationId}/tags/{tagId},DELETE
api_3036.yaml,/deploymentmanager/alpha/projects/{project}/global/compositeTypes/{compositeType},PATCH
api_3576.yaml,/deviceManagement/managedDevices/{managedDevice-id}/securityBaselineStates/{securityBaselineState-id}/settingStates/{securityBaselineSettingState-id},PATCH
api_2835.yaml,/repos/{owner}/{repo}/code-scanning/alerts/{alert_number},PATCH
api_3003.yaml,/projects/{project}/global/healthChecks/{healthCheck},PUT
api_3042.yaml,/userprofiles/{profileId}/accountUserProfiles,PATCH
api_3805.yaml,/mfa/rsa/server/{id},PATCH
api_1148.yaml,/subscriptions/{subscriptionId}/resourceGroups/{resourceGroupName}/providers/Microsoft.Cdn/profiles/{profileName},PUT
api_4060.yaml,/api/storage/profile-system/profiles/{profileId}/addresses/{addressId},PATCH
api_3575.yaml,/sites/{site-id}/termStore/sets/{set-id}/parentGroup/sets/{set-id1}/terms/{term-id}/children/{term-id1}/relations/{relation-id},PATCH
api_3570.yaml,/projects/{projectId}/tags/{tagId},DELETE
api_0997.yaml,/subscriptions/{subscriptionId}/resourceGroups/{resourceGroupName}/providers/Microsoft.Automation/automationAccounts/{automationAccountName}/modules/{moduleName},PUT
api_2648.yaml,/v1/bundles/{bundle_id},PUT
api_3575.yaml,/identityGovernance/accessReviews/definitions/{accessReviewScheduleDefinition-id}/instances/{accessReviewInstance-id}/stages/{accessReviewStage-id},DELETE
crapi-openapi-spec.json,/identity/api/v2/user/videos/{video_id},PUT
crapi-openapi-spec.json,/identity/api/v2/user/videos/{video_id},DELETE
crapi-openapi-spec.json,/identity/api/v2/admin/videos/{video_id},DELETE
api_0003.yaml,/vaults/{vaultUuid}/items/{itemUuid},DELETE
api_0003.yaml,/vaults/{vaultUuid}/items/{itemUuid},PATCH
api_0003.yaml,/vaults/{vaultUuid}/items/{itemUuid},PUT
api_0004.yaml,/key/{PK},DELETE
api_0004.yaml,/key/{PK},PUT
api_0004.yaml,/scope/{job},DELETE
api_0004.yaml,/scope/{job},PUT
api_0005.yaml,/push/deviceRegistrations/{device_id},DELETE
api_0005.yaml,/push/deviceRegistrations/{device_id},PATCH
api_0005.yaml,/push/deviceRegistrations/{device_id},PUT
api_0006.yaml,/apps/{app_id}/keys/{key_id},PATCH
api_0006.yaml,/apps/{app_id}/namespaces/{namespace_id},DELETE
api_0006.yaml,/apps/{app_id}/namespaces/{namespace_id},PATCH
api_0006.yaml,/apps/{app_id}/queues/{queue_id},DELETE
api_0006.yaml,/apps/{app_id}/rules/{rule_id},DELETE
api_0006.yaml,/apps/{app_id}/rules/{rule_id},PATCH
api_0006.yaml,/apps/{id},DELETE
api_0006.yaml,/apps/{id},PATCH
api_0007.yaml,/apps/{app_id}/keys/{key_id},PATCH
api_0007.yaml,/apps/{app_id}/namespaces/{namespace_id},DELETE
api_0007.yaml,/apps/{app_id}/namespaces/{namespace_id},PATCH
api_0007.yaml,/apps/{app_id}/queues/{queue_id},DELETE
api_0007.yaml,/apps/{app_id}/rules/{rule_id},DELETE
api_0007.yaml,/apps/{app_id}/rules/{rule_id},PATCH
api_0007.yaml,/apps/{id},DELETE
api_0007.yaml,/apps/{id},PATCH
api_0009.yaml,/{username}/activities,DELETE
api_0009.yaml,/{username}/dashboards/{dashboard_id}/blocks/{id},DELETE
api_0009.yaml,/{username}/dashboards/{dashboard_id}/blocks/{id},PATCH
api_0009.yaml,/{username}/dashboards/{dashboard_id}/blocks/{id},PUT
api_0009.yaml,/{username}/dashboards/{id},DELETE
api_0009.yaml,/{username}/dashboards/{id},PATCH
api_0009.yaml,/{username}/dashboards/{id},PUT
api_0009.yaml,/{username}/feeds/{feed_key},DELETE
api_0009.yaml,/{username}/feeds/{feed_key},PATCH
api_0009.yaml,/{username}/feeds/{feed_key},PUT
api_0009.yaml,/{username}/feeds/{feed_key}/data/{id},DELETE
api_0009.yaml,/{username}/feeds/{feed_key}/data/{id},PATCH
api_0009.yaml,/{username}/feeds/{feed_key}/data/{id},PUT
api_0009.yaml,/{username}/groups/{group_key},DELETE
api_0009.yaml,/{username}/groups/{group_key},PATCH
api_0009.yaml,/{username}/groups/{group_key},PUT
api_0009.yaml,/{username}/tokens/{id},DELETE
api_0009.yaml,/{username}/tokens/{id},PATCH
api_0009.yaml,/{username}/tokens/{id},PUT
api_0009.yaml,/{username}/triggers/{id},DELETE
api_0009.yaml,/{username}/triggers/{id},PATCH
api_0009.yaml,/{username}/triggers/{id},PUT
api_0009.yaml,/{username}/{type}/{type_id}/acl/{id},DELETE
api_0009.yaml,/{username}/{type}/{type_id}/acl/{id},PATCH
api_0009.yaml,/{username}/{type}/{type_id}/acl/{id},PUT
api_0010.yaml,/etc/replication/agents.{runmode}/{name},DELETE
api_0010.yaml,/{path}/{name},DELETE
api_0019.yaml,/accountHolders/{id},PATCH
api_0019.yaml,/balanceAccounts/{id},PATCH
api_0019.yaml,/documents/{id},DELETE
api_0019.yaml,/documents/{id},PATCH
api_0019.yaml,/legalEntities/{id},PATCH
api_0019.yaml,/paymentInstruments/{id},PATCH
api_0019.yaml,/transactionRules/{transactionRuleId},DELETE
api_0019.yaml,/transactionRules/{transactionRuleId},PATCH
api_0019.yaml,/transferInstruments/{id},DELETE
api_0019.yaml,/transferInstruments/{id},PATCH
api_0020.yaml,/accountHolders/{id},PATCH
api_0020.yaml,/balanceAccounts/{balanceAccountId}/sweeps/{sweepId},DELETE
api_0020.yaml,/balanceAccounts/{balanceAccountId}/sweeps/{sweepId},PATCH
api_0020.yaml,/balanceAccounts/{id},PATCH
api_0020.yaml,/networkTokens/{networkTokenId},PATCH
api_0020.yaml,/paymentInstruments/{id},PATCH
api_0020.yaml,/transactionRules/{transactionRuleId},DELETE
api_0020.yaml,/transactionRules/{transactionRuleId},PATCH
api_0027.yaml,/paymentLinks/{linkId},PATCH
api_0028.yaml,/paymentLinks/{linkId},PATCH
api_0029.yaml,/paymentLinks/{linkId},PATCH
api_0030.yaml,/paymentLinks/{linkId},PATCH
api_0031.yaml,/paymentLinks/{linkId},PATCH
api_0032.yaml,/paymentLinks/{linkId},PATCH
api_0033.yaml,/paymentLinks/{linkId},PATCH
api_0034.yaml,/paymentLinks/{linkId},PATCH
api_0035.yaml,/paymentLinks/{linkId},PATCH
api_0036.yaml,/paymentLinks/{linkId},PATCH
api_0037.yaml,/paymentLinks/{linkId},PATCH
api_0038.yaml,/paymentLinks/{linkId},PATCH
api_0039.yaml,/paymentLinks/{linkId},PATCH
api_0040.yaml,/paymentLinks/{linkId},PATCH
api_0041.yaml,/paymentLinks/{linkId},PATCH
api_0042.yaml,/paymentLinks/{linkId},PATCH
api_0042.yaml,/storedPaymentMethods/{storedPaymentMethodId},DELETE
api_0043.yaml,/paymentLinks/{linkId},PATCH
api_0043.yaml,/storedPaymentMethods/{storedPaymentMethodId},DELETE
api_0054.yaml,/businessLines/{id},DELETE
api_0054.yaml,/documents/{id},DELETE
api_0054.yaml,/documents/{id},PATCH
api_0054.yaml,/legalEntities/{id},PATCH
api_0054.yaml,/legalEntities/{id}/termsOfService/{termsofservicedocumentid},PATCH
api_0054.yaml,/transferInstruments/{id},DELETE
api_0054.yaml,/transferInstruments/{id},PATCH
api_0055.yaml,/businessLines/{id},DELETE
api_0055.yaml,/businessLines/{id},PATCH
api_0055.yaml,/documents/{id},DELETE
api_0055.yaml,/documents/{id},PATCH
api_0055.yaml,/legalEntities/{id},PATCH
api_0055.yaml,/legalEntities/{id}/termsOfService/{termsofservicedocumentid},PATCH
api_0055.yaml,/transferInstruments/{id},DELETE
api_0055.yaml,/transferInstruments/{id},PATCH
api_0056.yaml,/businessLines/{id},DELETE
api_0056.yaml,/businessLines/{id},PATCH
api_0056.yaml,/documents/{id},DELETE
api_0056.yaml,/documents/{id},PATCH
api_0056.yaml,/legalEntities/{id},PATCH
api_0056.yaml,/legalEntities/{id}/termsOfService/{termsofservicedocumentid},PATCH
api_0056.yaml,/transferInstruments/{id},DELETE
api_0056.yaml,/transferInstruments/{id},PATCH
api_0058.yaml,/companies/{companyId}/apiCredentials/{apiCredentialId},PATCH
api_0058.yaml,/companies/{companyId}/apiCredentials/{apiCredentialId}/allowedOrigins/{originId},DELETE
api_0058.yaml,/companies/{companyId}/terminalLogos,PATCH
api_0058.yaml,/companies/{companyId}/terminalOrders/{orderId},PATCH
api_0058.yaml,/companies/{companyId}/terminalSettings,PATCH
api_0058.yaml,/companies/{companyId}/users/{userId},PATCH
api_0058.yaml,/companies/{companyId}/webhooks/{webhookId},DELETE
api_0058.yaml,/companies/{companyId}/webhooks/{webhookId},PATCH
api_0058.yaml,/merchants/{merchantId}/apiCredentials/{apiCredentialId},PATCH
api_0058.yaml,/merchants/{merchantId}/apiCredentials/{apiCredentialId}/allowedOrigins/{originId},DELETE
api_0058.yaml,/merchants/{merchantId}/paymentMethodSettings/{paymentMethodId},PATCH
api_0058.yaml,/merchants/{merchantId}/payoutSettings/{payoutSettingsId},DELETE
api_0058.yaml,/merchants/{merchantId}/payoutSettings/{payoutSettingsId},PATCH
api_0058.yaml,/merchants/{merchantId}/splitConfigurations/{splitConfigurationId},DELETE
api_0058.yaml,/merchants/{merchantId}/splitConfigurations/{splitConfigurationId},PATCH
api_0058.yaml,/merchants/{merchantId}/splitConfigurations/{splitConfigurationId}/rules/{ruleId},DELETE
api_0058.yaml,/merchants/{merchantId}/splitConfigurations/{splitConfigurationId}/rules/{ruleId},PATCH
api_0058.yaml,/merchants/{merchantId}/splitConfigurations/{splitConfigurationId}/rules/{ruleId}/splitLogic/{splitLogicId},PATCH
api_0058.yaml,/merchants/{merchantId}/stores/{reference}/terminalLogos,PATCH
api_0058.yaml,/merchants/{merchantId}/stores/{reference}/terminalSettings,PATCH
api_0058.yaml,/merchants/{merchantId}/stores/{storeId},PATCH
api_0058.yaml,/merchants/{merchantId}/terminalLogos,PATCH
api_0058.yaml,/merchants/{merchantId}/terminalOrders/{orderId},PATCH
api_0058.yaml,/merchants/{merchantId}/terminalSettings,PATCH
api_0058.yaml,/merchants/{merchantId}/users/{userId},PATCH
api_0058.yaml,/merchants/{merchantId}/webhooks/{webhookId},DELETE
api_0058.yaml,/merchants/{merchantId}/webhooks/{webhookId},PATCH
api_0058.yaml,/stores/{storeId},PATCH
api_0058.yaml,/stores/{storeId}/terminalLogos,PATCH
api_0058.yaml,/stores/{storeId}/terminalSettings,PATCH
api_0058.yaml,/terminals/{terminalId}/terminalLogos,PATCH
api_0058.yaml,/terminals/{terminalId}/terminalSettings,PATCH
api_0059.yaml,/companies/{companyId}/apiCredentials/{apiCredentialId},PATCH
api_0059.yaml,/companies/{companyId}/apiCredentials/{apiCredentialId}/allowedOrigins/{originId},DELETE
api_0059.yaml,/companies/{companyId}/terminalLogos,PATCH
api_0059.yaml,/companies/{companyId}/terminalOrders/{orderId},PATCH
api_0059.yaml,/companies/{companyId}/terminalSettings,PATCH
api_0059.yaml,/companies/{companyId}/users/{userId},PATCH
api_0059.yaml,/companies/{companyId}/webhooks/{webhookId},DELETE
api_0059.yaml,/companies/{companyId}/webhooks/{webhookId},PATCH
api_0059.yaml,/merchants/{merchantId}/apiCredentials/{apiCredentialId},PATCH
api_0059.yaml,/merchants/{merchantId}/apiCredentials/{apiCredentialId}/allowedOrigins/{originId},DELETE
api_0059.yaml,/merchants/{merchantId}/paymentMethodSettings/{paymentMethodId},PATCH
api_0059.yaml,/merchants/{merchantId}/payoutSettings/{payoutSettingsId},DELETE
api_0059.yaml,/merchants/{merchantId}/payoutSettings/{payoutSettingsId},PATCH
api_0059.yaml,/merchants/{merchantId}/splitConfigurations/{splitConfigurationId},DELETE
api_0059.yaml,/merchants/{merchantId}/splitConfigurations/{splitConfigurationId},PATCH
api_0059.yaml,/merchants/{merchantId}/splitConfigurations/{splitConfigurationId}/rules/{ruleId},DELETE
api_0059.yaml,/merchants/{merchantId}/splitConfigurations/{splitConfigurationId}/rules/{ruleId},PATCH
api_0059.yaml,/merchants/{merchantId}/splitConfigurations/{splitConfigurationId}/rules/{ruleId}/splitLogic/{splitLogicId},PATCH
api_0059.yaml,/merchants/{merchantId}/stores/{reference}/terminalLogos,PATCH
api_0059.yaml,/merchants/{merchantId}/stores/{reference}/terminalSettings,PATCH
api_0059.yaml,/merchants/{merchantId}/stores/{storeId},PATCH
api_0059.yaml,/merchants/{merchantId}/terminalLogos,PATCH
api_0059.yaml,/merchants/{merchantId}/terminalOrders/{orderId},PATCH
api_0059.yaml,/merchants/{merchantId}/terminalSettings,PATCH
api_0059.yaml,/merchants/{merchantId}/users/{userId},PATCH
api_0059.yaml,/merchants/{merchantId}/webhooks/{webhookId},DELETE
api_0059.yaml,/merchants/{merchantId}/webhooks/{webhookId},PATCH
api_0059.yaml,/stores/{storeId},PATCH
api_0059.yaml,/stores/{storeId}/terminalLogos,PATCH
api_0059.yaml,/stores/{storeId}/terminalSettings,PATCH
api_0059.yaml,/terminals/{terminalId}/terminalLogos,PATCH
api_0059.yaml,/terminals/{terminalId}/terminalSettings,PATCH
api_0107.yaml,/api/v2/AftermarketServices/ECUs/{serialNumber},PUT
api_0107.yaml,/api/v2/AftermarketServices/Engines/{serialNumber}/IQACodes,PUT
api_0107.yaml,/api/v2/AuthenticatedUsers/{UserID}/Tokens,PUT
api_0107.yaml,/api/v2/AuthorizationCategories/{id},DELETE
api_0107.yaml,/api/v2/AuthorizationCategories/{id},PUT
api_0107.yaml,/api/v2/AuthorizationCategories/{id}/Users/{userID},DELETE
api_0107.yaml,/api/v2/AuthorizationCodeDefinitions/{ID}/Categories/{categoryID},DELETE
api_0107.yaml,/api/v2/AuthorizationCodeDefinitions/{id},DELETE
api_0107.yaml,/api/v2/AuthorizationCodeDefinitions/{id},PUT
api_0107.yaml,/api/v2/AuthorizationCodes/{id},DELETE
api_0107.yaml,/api/v2/AuthorizationCodes/{id},PUT
api_0107.yaml,/api/v2/Bundles/{ID},DELETE
api_0107.yaml,/api/v2/Bundles/{ID},PUT
api_0107.yaml,/api/v2/Clients/{ClientID}/PackageReports,PUT
api_0107.yaml,/api/v2/Clients/{ClientID}/PackageReports/Batch,PUT
api_0107.yaml,/api/v2/Clients/{ID},PUT
api_0107.yaml,/api/v2/ContentDefinitionAttributes/{contentDefinitionAttributeID},DELETE
api_0107.yaml,/api/v2/ContentDefinitionAttributes/{contentDefinitionAttributeID},PUT
api_0107.yaml,/api/v2/ContentDefinitions/{contentDefinitionID},DELETE
api_0107.yaml,/api/v2/ContentDefinitions/{contentDefinitionID},PUT
api_0107.yaml,/api/v2/ContentReleases/{ContentReleaseId},DELETE
api_0107.yaml,/api/v2/ContentReleases/{ContentReleaseId},PUT
api_0107.yaml,/api/v2/ContentSubmissionAttributes/{contentSubmissionAttributeID},DELETE
api_0107.yaml,/api/v2/ContentSubmissionAttributes/{contentSubmissionAttributeID},PUT
api_0107.yaml,/api/v2/ContentSubmissionTypes/{id},DELETE
api_0107.yaml,/api/v2/ContentSubmissionTypes/{id},PUT
api_0107.yaml,/api/v2/ContentSubmissions/{contentSubmissionID},DELETE
api_0107.yaml,/api/v2/ContentSubmissions/{contentSubmissionID},PUT
api_0107.yaml,/api/v2/Files/{ID},DELETE
api_0107.yaml,/api/v2/Files/{ID},PUT
api_0107.yaml,/api/v2/Files/{ID}/FileContents,PUT
api_0107.yaml,/api/v2/GlobalImages/{ID},DELETE
api_0107.yaml,/api/v2/GlobalImages/{ID},PUT
api_0107.yaml,/api/v2/GlobalImages/{ID}/ImageContents,PUT
api_0107.yaml,/api/v2/Languages/{LocaleID},DELETE
api_0107.yaml,/api/v2/Languages/{LocaleID},PUT
api_0107.yaml,/api/v2/LicenseActivations/{ID},PUT
api_0107.yaml,/api/v2/LicenseActivations/{ID}/Confirm,PUT
api_0107.yaml,/api/v2/PackageTypes/{ID},DELETE
api_0107.yaml,/api/v2/PackageTypes/{ID},PUT
api_0107.yaml,/api/v2/PackageTypes/{id}/Users/{userID},DELETE
api_0107.yaml,/api/v2/Packages/{ID},DELETE
api_0107.yaml,/api/v2/Packages/{ID},PUT
api_0107.yaml,/api/v2/Permissions/{id},DELETE
api_0107.yaml,/api/v2/Permissions/{id},PUT
api_0107.yaml,/api/v2/PriorityPackages/{ID},DELETE
api_0107.yaml,/api/v2/Releases/{ReleaseId}/Bundle/{BundleId},DELETE
api_0107.yaml,/api/v2/Releases/{releaseId},PUT
api_0107.yaml,/api/v2/Roles/{id},DELETE
api_0107.yaml,/api/v2/Roles/{id},PUT
api_0107.yaml,/api/v2/Roles/{id}/Permissions,PUT
api_0107.yaml,/api/v2/Roles/{id}/Users,PUT
api_0107.yaml,/api/v2/StringTranslations/{stringId}/{languageId},PUT
api_0107.yaml,/api/v2/TranslationKeys/{ID},PUT
api_0107.yaml,/api/v2/TranslationRequests/{Id},PUT
api_0107.yaml,/api/v2/TranslationRequests/{Id}/Strings,PUT
api_0107.yaml,/api/v2/TranslationSetAttributes/{ID},DELETE
api_0107.yaml,/api/v2/TranslationSetAttributes/{ID},PUT
api_0107.yaml,/api/v2/TranslationSets/{ID},PUT
api_0107.yaml,/api/v2/TranslationSets/{ID}/Strings,PUT
api_0107.yaml,/api/v2/UpdateGroupClientRelationships/{RelationshipID},PUT
api_0107.yaml,/api/v2/UpdateGroupSubscriptions/{UpdateGroupSubscriptionID},DELETE
api_0107.yaml,/api/v2/UpdateGroupSubscriptions/{UpdateGroupSubscriptionID},PUT
api_0107.yaml,/api/v2/UpdateGroups/{ID},DELETE
api_0107.yaml,/api/v2/UpdateGroups/{ID},PUT
api_0107.yaml,/api/v2/UpdateGroups/{id}/Users/{userID},DELETE
api_0107.yaml,/api/v2/UserContentDefinitions/{userContentDefinitionID},DELETE
api_0107.yaml,/api/v2/Users/{id},DELETE
api_0107.yaml,/api/v2/Users/{id},PUT
api_0107.yaml,/api/v2/Users/{id}/Roles,PUT
api_0107.yaml,/api/v2/Vouchers/{VoucherCode},DELETE
api_0107.yaml,/api/v2/Vouchers/{VoucherCode},PUT
api_0107.yaml,/api/v2/activities/{activityID},DELETE
api_0107.yaml,/api/v2/activities/{activityID},PUT
api_0107.yaml,/api/v2/activityRuns/{activityRunID},PUT
api_0107.yaml,/api/v2/activityRuns/{activityRunID}/status,PUT
api_0107.yaml,/api/v2/agents/{agentID},DELETE
api_0107.yaml,/api/v2/agents/{agentID},PUT
api_0107.yaml,/api/v2/agents/{agentID}/ActivityRun,PUT
api_0107.yaml,/api/v2/agents/{agentID}/Status,PUT
api_0107.yaml,/api/v2/jobRuns/{jobRunID},DELETE
api_0107.yaml,/api/v2/jobRuns/{jobRunID},PUT
api_0107.yaml,/api/v2/jobs/{jobID},DELETE
api_0107.yaml,/api/v2/jobs/{jobID},PUT
api_0107.yaml,/api/v2/steps/{stepID},PUT
api_0112.yaml,/api/alert-service/{id},DELETE
api_0112.yaml,/api/alert-service/{id},PATCH
api_0112.yaml,/api/alert-service/{id},PUT
api_0112.yaml,/api/media-object/{id},DELETE
api_0112.yaml,/api/monitor/{id},DELETE
api_0112.yaml,/api/monitor/{id},PATCH
api_0112.yaml,/api/monitor/{id},PUT
api_0112.yaml,/api/partition/{id},DELETE
api_0112.yaml,/api/partition/{id},PATCH
api_0112.yaml,/api/partition/{id},PUT
api_0112.yaml,/api/team-invitation/{id},DELETE
api_0112.yaml,/api/team-member/{id},DELETE
api_0112.yaml,/api/team-member/{id},PATCH
api_0112.yaml,/api/team-member/{id},PUT
api_0112.yaml,/api/transport-alerta/{id},DELETE
api_0112.yaml,/api/transport-alerta/{id},PATCH
api_0112.yaml,/api/transport-alerta/{id},PUT
api_0112.yaml,/api/transport-all-my-sms/{id},DELETE
api_0112.yaml,/api/transport-all-my-sms/{id},PATCH
api_0112.yaml,/api/transport-all-my-sms/{id},PUT
api_0112.yaml,/api/transport-amazon-sns/{id},DELETE
api_0112.yaml,/api/transport-amazon-sns/{id},PATCH
api_0112.yaml,/api/transport-amazon-sns/{id},PUT
api_0112.yaml,/api/transport-bandwidth/{id},DELETE
api_0112.yaml,/api/transport-bandwidth/{id},PATCH
api_0112.yaml,/api/transport-bandwidth/{id},PUT
api_0112.yaml,/api/transport-chatwork/{id},DELETE
api_0112.yaml,/api/transport-chatwork/{id},PATCH
api_0112.yaml,/api/transport-chatwork/{id},PUT
api_0112.yaml,/api/transport-click-send/{id},DELETE
api_0112.yaml,/api/transport-click-send/{id},PATCH
api_0112.yaml,/api/transport-click-send/{id},PUT
api_0112.yaml,/api/transport-clickatell/{id},DELETE
api_0112.yaml,/api/transport-clickatell/{id},PATCH
api_0112.yaml,/api/transport-clickatell/{id},PUT
api_0112.yaml,/api/transport-contact-everyone/{id},DELETE
api_0112.yaml,/api/transport-contact-everyone/{id},PATCH
api_0112.yaml,/api/transport-contact-everyone/{id},PUT
api_0112.yaml,/api/transport-discord/{id},DELETE
api_0112.yaml,/api/transport-discord/{id},PATCH
api_0112.yaml,/api/transport-discord/{id},PUT
api_0112.yaml,/api/transport-email/{id},DELETE
api_0112.yaml,/api/transport-email/{id},PATCH
api_0112.yaml,/api/transport-email/{id},PUT
api_0112.yaml,/api/transport-engagespot/{id},DELETE
api_0112.yaml,/api/transport-engagespot/{id},PATCH
api_0112.yaml,/api/transport-engagespot/{id},PUT
api_0112.yaml,/api/transport-esendex/{id},DELETE
api_0112.yaml,/api/transport-esendex/{id},PATCH
api_0112.yaml,/api/transport-esendex/{id},PUT
api_0112.yaml,/api/transport-expo/{id},DELETE
api_0112.yaml,/api/transport-expo/{id},PATCH
api_0112.yaml,/api/transport-expo/{id},PUT
api_0112.yaml,/api/transport-firebase/{id},DELETE
api_0112.yaml,/api/transport-firebase/{id},PATCH
api_0112.yaml,/api/transport-firebase/{id},PUT
api_0112.yaml,/api/transport-forty-six-elks/{id},DELETE
api_0112.yaml,/api/transport-forty-six-elks/{id},PATCH
api_0112.yaml,/api/transport-forty-six-elks/{id},PUT
api_0112.yaml,/api/transport-free-mobile/{id},DELETE
api_0112.yaml,/api/transport-free-mobile/{id},PATCH
api_0112.yaml,/api/transport-free-mobile/{id},PUT
api_0112.yaml,/api/transport-freshdesk/{id},DELETE
api_0112.yaml,/api/transport-freshdesk/{id},PATCH
api_0112.yaml,/api/transport-freshdesk/{id},PUT
api_0112.yaml,/api/transport-gateway-api/{id},DELETE
api_0112.yaml,/api/transport-gateway-api/{id},PATCH
api_0112.yaml,/api/transport-gateway-api/{id},PUT
api_0112.yaml,/api/transport-gitter/{id},DELETE
api_0112.yaml,/api/transport-gitter/{id},PATCH
api_0112.yaml,/api/transport-gitter/{id},PUT
api_0112.yaml,/api/transport-google-chat/{id},DELETE
api_0112.yaml,/api/transport-google-chat/{id},PATCH
api_0112.yaml,/api/transport-google-chat/{id},PUT
api_0112.yaml,/api/transport-gotify/{id},DELETE
api_0112.yaml,/api/transport-gotify/{id},PATCH
api_0112.yaml,/api/transport-gotify/{id},PUT
api_0112.yaml,/api/transport-help-scout/{id},DELETE
api_0112.yaml,/api/transport-help-scout/{id},PATCH
api_0112.yaml,/api/transport-help-scout/{id},PUT
api_0112.yaml,/api/transport-infobip/{id},DELETE
api_0112.yaml,/api/transport-infobip/{id},PATCH
api_0112.yaml,/api/transport-infobip/{id},PUT
api_0112.yaml,/api/transport-iqsms/{id},DELETE
api_0112.yaml,/api/transport-iqsms/{id},PATCH
api_0112.yaml,/api/transport-iqsms/{id},PUT
api_0112.yaml,/api/transport-kaz-info-teh/{id},DELETE
api_0112.yaml,/api/transport-kaz-info-teh/{id},PATCH
api_0112.yaml,/api/transport-kaz-info-teh/{id},PUT
api_0112.yaml,/api/transport-light-sms/{id},DELETE
api_0112.yaml,/api/transport-light-sms/{id},PATCH
api_0112.yaml,/api/transport-light-sms/{id},PUT
api_0112.yaml,/api/transport-line-notify/{id},DELETE
api_0112.yaml,/api/transport-line-notify/{id},PATCH
api_0112.yaml,/api/transport-line-notify/{id},PUT
api_0112.yaml,/api/transport-linked-in/{id},DELETE
api_0112.yaml,/api/transport-linked-in/{id},PATCH
api_0112.yaml,/api/transport-linked-in/{id},PUT
api_0112.yaml,/api/transport-mailjet/{id},DELETE
api_0112.yaml,/api/transport-mailjet/{id},PATCH
api_0112.yaml,/api/transport-mailjet/{id},PUT
api_0112.yaml,/api/transport-mastodon/{id},DELETE
api_0112.yaml,/api/transport-mastodon/{id},PATCH
api_0112.yaml,/api/transport-mastodon/{id},PUT
api_0112.yaml,/api/transport-mattermost/{id},DELETE
api_0112.yaml,/api/transport-mattermost/{id},PATCH
api_0112.yaml,/api/transport-mattermost/{id},PUT
api_0112.yaml,/api/transport-mercure/{id},DELETE
api_0112.yaml,/api/transport-mercure/{id},PATCH
api_0112.yaml,/api/transport-mercure/{id},PUT
api_0112.yaml,/api/transport-message-bird/{id},DELETE
api_0112.yaml,/api/transport-message-bird/{id},PATCH
api_0112.yaml,/api/transport-message-bird/{id},PUT
api_0112.yaml,/api/transport-message-media/{id},DELETE
api_0112.yaml,/api/transport-message-media/{id},PATCH
api_0112.yaml,/api/transport-message-media/{id},PUT
api_0112.yaml,/api/transport-microsoft-teams/{id},DELETE
api_0112.yaml,/api/transport-microsoft-teams/{id},PATCH
api_0112.yaml,/api/transport-microsoft-teams/{id},PUT
api_0112.yaml,/api/transport-mobyt/{id},DELETE
api_0112.yaml,/api/transport-mobyt/{id},PATCH
api_0112.yaml,/api/transport-mobyt/{id},PUT
api_0112.yaml,/api/transport-octopush/{id},DELETE
api_0112.yaml,/api/transport-octopush/{id},PATCH
api_0112.yaml,/api/transport-octopush/{id},PUT
api_0112.yaml,/api/transport-one-signal/{id},DELETE
api_0112.yaml,/api/transport-one-signal/{id},PATCH
api_0112.yaml,/api/transport-one-signal/{id},PUT
api_0112.yaml,/api/transport-opsgenie/{id},DELETE
api_0112.yaml,/api/transport-opsgenie/{id},PATCH
api_0112.yaml,/api/transport-opsgenie/{id},PUT
api_0112.yaml,/api/transport-orange-sms/{id},DELETE
api_0112.yaml,/api/transport-orange-sms/{id},PATCH
api_0112.yaml,/api/transport-orange-sms/{id},PUT
api_0112.yaml,/api/transport-ovh-cloud/{id},DELETE
api_0112.yaml,/api/transport-ovh-cloud/{id},PATCH
api_0112.yaml,/api/transport-ovh-cloud/{id},PUT
api_0112.yaml,/api/transport-pager-duty/{id},DELETE
api_0112.yaml,/api/transport-pager-duty/{id},PATCH
api_0112.yaml,/api/transport-pager-duty/{id},PUT
api_0112.yaml,/api/transport-pager-tree/{id},DELETE
api_0112.yaml,/api/transport-pager-tree/{id},PATCH
api_0112.yaml,/api/transport-pager-tree/{id},PUT
api_0112.yaml,/api/transport-plivo/{id},DELETE
api_0112.yaml,/api/transport-plivo/{id},PATCH
api_0112.yaml,/api/transport-plivo/{id},PUT
api_0112.yaml,/api/transport-pushbullet/{id},DELETE
api_0112.yaml,/api/transport-pushbullet/{id},PATCH
api_0112.yaml,/api/transport-pushbullet/{id},PUT
api_0112.yaml,/api/transport-pushover/{id},DELETE
api_0112.yaml,/api/transport-pushover/{id},PATCH
api_0112.yaml,/api/transport-pushover/{id},PUT
api_0112.yaml,/api/transport-pushy/{id},DELETE
api_0112.yaml,/api/transport-pushy/{id},PATCH
api_0112.yaml,/api/transport-pushy/{id},PUT
api_0112.yaml,/api/transport-ring-central/{id},DELETE
api_0112.yaml,/api/transport-ring-central/{id},PATCH
api_0112.yaml,/api/transport-ring-central/{id},PUT
api_0112.yaml,/api/transport-rocket-chat/{id},DELETE
api_0112.yaml,/api/transport-rocket-chat/{id},PATCH
api_0112.yaml,/api/transport-rocket-chat/{id},PUT
api_0112.yaml,/api/transport-sendberry/{id},DELETE
api_0112.yaml,/api/transport-sendberry/{id},PATCH
api_0112.yaml,/api/transport-sendberry/{id},PUT
api_0112.yaml,/api/transport-sendinblue/{id},DELETE
api_0112.yaml,/api/transport-sendinblue/{id},PATCH
api_0112.yaml,/api/transport-sendinblue/{id},PUT
api_0112.yaml,/api/transport-simple-textin/{id},DELETE
api_0112.yaml,/api/transport-simple-textin/{id},PATCH
api_0112.yaml,/api/transport-simple-textin/{id},PUT
api_0112.yaml,/api/transport-sinch/{id},DELETE
api_0112.yaml,/api/transport-sinch/{id},PATCH
api_0112.yaml,/api/transport-sinch/{id},PUT
api_0112.yaml,/api/transport-slack/{id},DELETE
api_0112.yaml,/api/transport-slack/{id},PATCH
api_0112.yaml,/api/transport-slack/{id},PUT
api_0112.yaml,/api/transport-sms-biuras/{id},DELETE
api_0112.yaml,/api/transport-sms-biuras/{id},PATCH
api_0112.yaml,/api/transport-sms-biuras/{id},PUT
api_0112.yaml,/api/transport-sms-factor/{id},DELETE
api_0112.yaml,/api/transport-sms-factor/{id},PATCH
api_0112.yaml,/api/transport-sms-factor/{id},PUT
api_0112.yaml,/api/transport-sms77/{id},DELETE
api_0112.yaml,/api/transport-sms77/{id},PATCH
api_0112.yaml,/api/transport-sms77/{id},PUT
api_0112.yaml,/api/transport-smsapi/{id},DELETE
api_0112.yaml,/api/transport-smsapi/{id},PATCH
api_0112.yaml,/api/transport-smsapi/{id},PUT
api_0112.yaml,/api/transport-smsc/{id},DELETE
api_0112.yaml,/api/transport-smsc/{id},PATCH
api_0112.yaml,/api/transport-smsc/{id},PUT
api_0112.yaml,/api/transport-smsmode/{id},DELETE
api_0112.yaml,/api/transport-smsmode/{id},PATCH
api_0112.yaml,/api/transport-smsmode/{id},PUT
api_0112.yaml,/api/transport-spot-hit/{id},DELETE
api_0112.yaml,/api/transport-spot-hit/{id},PATCH
api_0112.yaml,/api/transport-spot-hit/{id},PUT
api_0112.yaml,/api/transport-telegram/{id},DELETE
api_0112.yaml,/api/transport-telegram/{id},PATCH
api_0112.yaml,/api/transport-telegram/{id},PUT
api_0112.yaml,/api/transport-telnyx/{id},DELETE
api_0112.yaml,/api/transport-telnyx/{id},PATCH
api_0112.yaml,/api/transport-telnyx/{id},PUT
api_0112.yaml,/api/transport-termii/{id},DELETE
api_0112.yaml,/api/transport-termii/{id},PATCH
api_0112.yaml,/api/transport-termii/{id},PUT
api_0112.yaml,/api/transport-trello/{id},DELETE
api_0112.yaml,/api/transport-trello/{id},PATCH
api_0112.yaml,/api/transport-trello/{id},PUT
api_0112.yaml,/api/transport-turbo-sms/{id},DELETE
api_0112.yaml,/api/transport-turbo-sms/{id},PATCH
api_0112.yaml,/api/transport-turbo-sms/{id},PUT
api_0112.yaml,/api/transport-twilio/{id},DELETE
api_0112.yaml,/api/transport-twilio/{id},PATCH
api_0112.yaml,/api/transport-twilio/{id},PUT
api_0112.yaml,/api/transport-twitter/{id},DELETE
api_0112.yaml,/api/transport-twitter/{id},PATCH
api_0112.yaml,/api/transport-twitter/{id},PUT
api_0112.yaml,/api/transport-vonage/{id},DELETE
api_0112.yaml,/api/transport-vonage/{id},PATCH
api_0112.yaml,/api/transport-vonage/{id},PUT
api_0112.yaml,/api/transport-webhook/{id},DELETE
api_0112.yaml,/api/transport-webhook/{id},PATCH
api_0112.yaml,/api/transport-webhook/{id},PUT
api_0112.yaml,/api/transport-yunpian/{id},DELETE
api_0112.yaml,/api/transport-yunpian/{id},PATCH
api_0112.yaml,/api/transport-yunpian/{id},PUT
api_0112.yaml,/api/transport-zendesk/{id},DELETE
api_0112.yaml,/api/transport-zendesk/{id},PATCH
api_0112.yaml,/api/transport-zendesk/{id},PUT
api_0112.yaml,/api/transport-zulip/{id},DELETE
api_0112.yaml,/api/transport-zulip/{id},PATCH
api_0112.yaml,/api/transport-zulip/{id},PUT
api_0112.yaml,/api/user-account/{id},PATCH
api_0112.yaml,/api/user-account/{id},PUT
api_0130.yaml,/booking/flight-orders/{flight-orderId},DELETE
api_0145.yaml,/policy/generation/{jobId},PUT
api_0145.yaml,/analyzer/{analyzerName}/archive-rule,PUT
api_0145.yaml,/analyzer/{analyzerName},DELETE
api_0145.yaml,/analyzer/{analyzerName}/archive-rule/{ruleName},DELETE
api_0145.yaml,/analyzer/{analyzerName}/archive-rule/{ruleName},PUT
api_0145.yaml,/tags/{resourceArn}#tagKeys,DELETE
api_0150.yaml,/workspaces/{workspaceId}/alertmanager/definition,DELETE
api_0150.yaml,/workspaces/{workspaceId}/alertmanager/definition,PUT
api_0150.yaml,/workspaces/{workspaceId}/logging,DELETE
api_0150.yaml,/workspaces/{workspaceId}/logging,PUT
api_0150.yaml,/workspaces/{workspaceId}/rulegroupsnamespaces/{name},DELETE
api_0150.yaml,/workspaces/{workspaceId}/rulegroupsnamespaces/{name},PUT
api_0150.yaml,/workspaces/{workspaceId},DELETE
api_0150.yaml,/tags/{resourceArn}#tagKeys,DELETE
api_0151.yaml,/apps/{appId},DELETE
api_0151.yaml,/apps/{appId}/backendenvironments/{environmentName},DELETE
api_0151.yaml,/apps/{appId}/branches/{branchName},DELETE
api_0151.yaml,/apps/{appId}/domains/{domainName},DELETE
api_0151.yaml,/apps/{appId}/branches/{branchName}/jobs/{jobId},DELETE
api_0151.yaml,/webhooks/{webhookId},DELETE
api_0151.yaml,/apps/{appId}/branches/{branchName}/jobs/{jobId}/stop,DELETE
api_0151.yaml,/tags/{resourceArn}#tagKeys,DELETE
api_0153.yaml,/app/{appId}/environment/{environmentName}/components/{id},DELETE
api_0153.yaml,/app/{appId}/environment/{environmentName}/components/{id},PATCH
api_0153.yaml,/app/{appId}/environment/{environmentName}/forms/{id},DELETE
api_0153.yaml,/app/{appId}/environment/{environmentName}/forms/{id},PATCH
api_0153.yaml,/app/{appId}/environment/{environmentName}/themes/{id},DELETE
api_0153.yaml,/app/{appId}/environment/{environmentName}/themes/{id},PATCH
api_0153.yaml,/app/{appId}/environment/{environmentName}/metadata/features/{featureName},PUT
api_0154.yaml,/restapis/{restapi_id}/documentation/parts,PUT
api_0154.yaml,/apikeys/{api_Key},DELETE
api_0154.yaml,/apikeys/{api_Key},PATCH
api_0154.yaml,/restapis/{restapi_id}/authorizers/{authorizer_id},DELETE
api_0154.yaml,/restapis/{restapi_id}/authorizers/{authorizer_id},PATCH
api_0154.yaml,/domainnames/{domain_name}/basepathmappings/{base_path},DELETE
api_0154.yaml,/domainnames/{domain_name}/basepathmappings/{base_path},PATCH
api_0154.yaml,/clientcertificates/{clientcertificate_id},DELETE
api_0154.yaml,/clientcertificates/{clientcertificate_id},PATCH
api_0154.yaml,/restapis/{restapi_id}/deployments/{deployment_id},DELETE
api_0154.yaml,/restapis/{restapi_id}/deployments/{deployment_id},PATCH
api_0154.yaml,/restapis/{restapi_id}/documentation/parts/{part_id},DELETE
api_0154.yaml,/restapis/{restapi_id}/documentation/parts/{part_id},PATCH
api_0154.yaml,/restapis/{restapi_id}/documentation/versions/{doc_version},DELETE
api_0154.yaml,/restapis/{restapi_id}/documentation/versions/{doc_version},PATCH
api_0154.yaml,/domainnames/{domain_name},DELETE
api_0154.yaml,/domainnames/{domain_name},PATCH
api_0154.yaml,/restapis/{restapi_id}/gatewayresponses/{response_type},DELETE
api_0154.yaml,/restapis/{restapi_id}/gatewayresponses/{response_type},PUT
api_0154.yaml,/restapis/{restapi_id}/gatewayresponses/{response_type},PATCH
api_0154.yaml,/restapis/{restapi_id}/resources/{resource_id}/methods/{http_method}/integration,DELETE
api_0154.yaml,/restapis/{restapi_id}/resources/{resource_id}/methods/{http_method}/integration,PUT
api_0154.yaml,/restapis/{restapi_id}/resources/{resource_id}/methods/{http_method}/integration,PATCH
api_0154.yaml,/restapis/{restapi_id}/resources/{resource_id}/methods/{http_method}/integration/responses/{status_code},DELETE
api_0154.yaml,/restapis/{restapi_id}/resources/{resource_id}/methods/{http_method}/integration/responses/{status_code},PUT
api_0154.yaml,/restapis/{restapi_id}/resources/{resource_id}/methods/{http_method}/integration/responses/{status_code},PATCH
api_0154.yaml,/restapis/{restapi_id}/resources/{resource_id}/methods/{http_method},DELETE
api_0154.yaml,/restapis/{restapi_id}/resources/{resource_id}/methods/{http_method},PUT
api_0154.yaml,/restapis/{restapi_id}/resources/{resource_id}/methods/{http_method},PATCH
api_0154.yaml,/restapis/{restapi_id}/resources/{resource_id}/methods/{http_method}/responses/{status_code},DELETE
api_0154.yaml,/restapis/{restapi_id}/resources/{resource_id}/methods/{http_method}/responses/{status_code},PUT
api_0154.yaml,/restapis/{restapi_id}/resources/{resource_id}/methods/{http_method}/responses/{status_code},PATCH
api_0154.yaml,/restapis/{restapi_id}/models/{model_name},DELETE
api_0154.yaml,/restapis/{restapi_id}/models/{model_name},PATCH
api_0154.yaml,/restapis/{restapi_id}/requestvalidators/{requestvalidator_id},DELETE
api_0154.yaml,/restapis/{restapi_id}/requestvalidators/{requestvalidator_id},PATCH
api_0154.yaml,/restapis/{restapi_id}/resources/{resource_id},DELETE
api_0154.yaml,/restapis/{restapi_id}/resources/{resource_id},PATCH
api_0154.yaml,/restapis/{restapi_id},DELETE
api_0154.yaml,/restapis/{restapi_id},PUT
api_0154.yaml,/restapis/{restapi_id},PATCH
api_0154.yaml,/restapis/{restapi_id}/stages/{stage_name},DELETE
api_0154.yaml,/restapis/{restapi_id}/stages/{stage_name},PATCH
api_0154.yaml,/usageplans/{usageplanId},DELETE
api_0154.yaml,/usageplans/{usageplanId},PATCH
api_0154.yaml,/usageplans/{usageplanId}/keys/{keyId},DELETE
api_0154.yaml,/vpclinks/{vpclink_id},DELETE
api_0154.yaml,/vpclinks/{vpclink_id},PATCH
api_0154.yaml,/restapis/{restapi_id}/stages/{stage_name}/cache/authorizers,DELETE
api_0154.yaml,/restapis/{restapi_id}/stages/{stage_name}/cache/data,DELETE
api_0154.yaml,/tags/{resource_arn},PUT
api_0154.yaml,/tags/{resource_arn}#tagKeys,DELETE
api_0154.yaml,/usageplans/{usageplanId}/keys/{keyId}/usage,PATCH
api_0155.yaml,/@connections/{connectionId},DELETE
api_0156.yaml,/v2/apis/{apiId}/stages/{stageName}/accesslogsettings,DELETE
api_0156.yaml,/v2/apis/{apiId},DELETE
api_0156.yaml,/v2/apis/{apiId},PUT
api_0156.yaml,/v2/apis/{apiId},PATCH
api_0156.yaml,/v2/domainnames/{domainName}/apimappings/{apiMappingId},DELETE
api_0156.yaml,/v2/domainnames/{domainName}/apimappings/{apiMappingId},PATCH
api_0156.yaml,/v2/apis/{apiId}/authorizers/{authorizerId},DELETE
api_0156.yaml,/v2/apis/{apiId}/authorizers/{authorizerId},PATCH
api_0156.yaml,/v2/apis/{apiId}/cors,DELETE
api_0156.yaml,/v2/apis/{apiId}/deployments/{deploymentId},DELETE
api_0156.yaml,/v2/apis/{apiId}/deployments/{deploymentId},PATCH
api_0156.yaml,/v2/domainnames/{domainName},DELETE
api_0156.yaml,/v2/domainnames/{domainName},PATCH
api_0156.yaml,/v2/apis/{apiId}/integrations/{integrationId},DELETE
api_0156.yaml,/v2/apis/{apiId}/integrations/{integrationId},PATCH
api_0156.yaml,/v2/apis/{apiId}/integrations/{integrationId}/integrationresponses/{integrationResponseId},DELETE
api_0156.yaml,/v2/apis/{apiId}/integrations/{integrationId}/integrationresponses/{integrationResponseId},PATCH
api_0156.yaml,/v2/apis/{apiId}/models/{modelId},DELETE
api_0156.yaml,/v2/apis/{apiId}/models/{modelId},PATCH
api_0156.yaml,/v2/apis/{apiId}/routes/{routeId},DELETE
api_0156.yaml,/v2/apis/{apiId}/routes/{routeId},PATCH
api_0156.yaml,/v2/apis/{apiId}/routes/{routeId}/requestparameters/{requestParameterKey},DELETE
api_0156.yaml,/v2/apis/{apiId}/routes/{routeId}/routeresponses/{routeResponseId},DELETE
api_0156.yaml,/v2/apis/{apiId}/routes/{routeId}/routeresponses/{routeResponseId},PATCH
api_0156.yaml,/v2/apis/{apiId}/stages/{stageName}/routesettings/{routeKey},DELETE
api_0156.yaml,/v2/apis/{apiId}/stages/{stageName},DELETE
api_0156.yaml,/v2/apis/{apiId}/stages/{stageName},PATCH
api_0156.yaml,/v2/vpclinks/{vpcLinkId},DELETE
api_0156.yaml,/v2/vpclinks/{vpcLinkId},PATCH
api_0156.yaml,/v2/apis/{apiId}/stages/{stageName}/cache/authorizers,DELETE
api_0156.yaml,/v2/tags/{resource-arn}#tagKeys,DELETE
api_0157.yaml,/applications/{ApplicationId},DELETE
api_0157.yaml,/applications/{ApplicationId},PATCH
api_0157.yaml,/applications/{ApplicationId}/configurationprofiles/{ConfigurationProfileId},DELETE
api_0157.yaml,/applications/{ApplicationId}/configurationprofiles/{ConfigurationProfileId},PATCH
api_0157.yaml,/deployementstrategies/{DeploymentStrategyId},DELETE
api_0157.yaml,/applications/{ApplicationId}/environments/{EnvironmentId},DELETE
api_0157.yaml,/applications/{ApplicationId}/environments/{EnvironmentId},PATCH
api_0157.yaml,/extensions/{ExtensionIdentifier},DELETE
api_0157.yaml,/extensions/{ExtensionIdentifier},PATCH
api_0157.yaml,/extensionassociations/{ExtensionAssociationId},DELETE
api_0157.yaml,/extensionassociations/{ExtensionAssociationId},PATCH
api_0157.yaml,/applications/{ApplicationId}/configurationprofiles/{ConfigurationProfileId}/hostedconfigurationversions/{VersionNumber},DELETE
api_0157.yaml,/applications/{ApplicationId}/environments/{EnvironmentId}/deployments/{DeploymentNumber},DELETE
api_0157.yaml,/deploymentstrategies/{DeploymentStrategyId},PATCH
api_0157.yaml,/tags/{ResourceArn}#tagKeys,DELETE
api_0159.yaml,/appbundles/{appBundleIdentifier}/appauthorizations/{appAuthorizationIdentifier},DELETE
api_0159.yaml,/appbundles/{appBundleIdentifier}/appauthorizations/{appAuthorizationIdentifier},PATCH
api_0159.yaml,/appbundles/{appBundleIdentifier},DELETE
api_0159.yaml,/appbundles/{appBundleIdentifier}/ingestions/{ingestionIdentifier},DELETE
api_0159.yaml,/appbundles/{appBundleIdentifier}/ingestions/{ingestionIdentifier}/ingestiondestinations/{ingestionDestinationIdentifier},DELETE
api_0159.yaml,/appbundles/{appBundleIdentifier}/ingestions/{ingestionIdentifier}/ingestiondestinations/{ingestionDestinationIdentifier},PATCH
api_0159.yaml,/tags/{resourceArn}#tagKeys,DELETE
api_0160.yaml,/tags/{resourceArn}#tagKeys,DELETE
api_0161.yaml,/dataIntegrations/{Identifier},DELETE
api_0161.yaml,/dataIntegrations/{Identifier},PATCH
api_0161.yaml,/eventIntegrations/{Name},DELETE
api_0161.yaml,/eventIntegrations/{Name},PATCH
api_0161.yaml,/tags/{resourceArn}#tagKeys,DELETE
api_0164.yaml,/reportDefinition/{reportId},DELETE
api_0164.yaml,/reportDefinition/{reportId},PUT
api_0165.yaml,/meshes/{meshName}/virtualRouter/{virtualRouterName}/routes,PUT
api_0165.yaml,/meshes/{meshName}/virtualNodes,PUT
api_0165.yaml,/meshes/{meshName}/virtualRouters,PUT
api_0165.yaml,/meshes/{meshName},DELETE
api_0165.yaml,/meshes/{meshName}/virtualRouter/{virtualRouterName}/routes/{routeName},DELETE
api_0165.yaml,/meshes/{meshName}/virtualRouter/{virtualRouterName}/routes/{routeName},PUT
api_0165.yaml,/meshes/{meshName}/virtualNodes/{virtualNodeName},DELETE
api_0165.yaml,/meshes/{meshName}/virtualNodes/{virtualNodeName},PUT
api_0165.yaml,/meshes/{meshName}/virtualRouters/{virtualRouterName},DELETE
api_0165.yaml,/meshes/{meshName}/virtualRouters/{virtualRouterName},PUT
api_0166.yaml,/v20190125/meshes/{meshName}/virtualGateway/{virtualGatewayName}/gatewayRoutes,PUT
api_0166.yaml,/v20190125/meshes/{meshName}/virtualGateways,PUT
api_0166.yaml,/v20190125/meshes/{meshName}/virtualRouters,PUT
api_0166.yaml,/v20190125/meshes/{meshName}/virtualServices,PUT
api_0166.yaml,/v20190125/meshes/{meshName}/virtualGateway/{virtualGatewayName}/gatewayRoutes/{gatewayRouteName},DELETE
api_0166.yaml,/v20190125/meshes/{meshName}/virtualGateway/{virtualGatewayName}/gatewayRoutes/{gatewayRouteName},PUT
api_0166.yaml,/v20190125/meshes/{meshName},DELETE
api_0166.yaml,/v20190125/meshes/{meshName},PUT
api_0166.yaml,/v20190125/meshes/{meshName}/virtualRouter/{virtualRouterName}/routes/{routeName},DELETE
api_0166.yaml,/v20190125/meshes/{meshName}/virtualRouter/{virtualRouterName}/routes/{routeName},PUT
api_0166.yaml,/v20190125/meshes/{meshName}/virtualGateways/{virtualGatewayName},DELETE
api_0166.yaml,/v20190125/meshes/{meshName}/virtualGateways/{virtualGatewayName},PUT
api_0166.yaml,/v20190125/meshes/{meshName}/virtualNodes/{virtualNodeName},DELETE
api_0166.yaml,/v20190125/meshes/{meshName}/virtualNodes/{virtualNodeName},PUT
api_0166.yaml,/v20190125/meshes/{meshName}/virtualRouters/{virtualRouterName},DELETE
api_0166.yaml,/v20190125/meshes/{meshName}/virtualRouters/{virtualRouterName},PUT
api_0166.yaml,/v20190125/meshes/{meshName}/virtualServices/{virtualServiceName},DELETE
api_0166.yaml,/v20190125/meshes/{meshName}/virtualServices/{virtualServiceName},PUT
api_0169.yaml,/v1/domainnames/{domainName}/apiassociation,DELETE
api_0169.yaml,/v1/apis/{apiId}/ApiCaches,DELETE
api_0169.yaml,/v1/apis/{apiId}/apikeys/{id},DELETE
api_0169.yaml,/v1/apis/{apiId}/datasources/{name},DELETE
api_0169.yaml,/v1/domainnames/{domainName},DELETE
api_0169.yaml,/v1/apis/{apiId}/functions/{functionId},DELETE
api_0169.yaml,/v1/apis/{apiId},DELETE
api_0169.yaml,/v1/apis/{apiId}/types/{typeName}/resolvers/{fieldName},DELETE
api_0169.yaml,/v1/apis/{apiId}/types/{typeName},DELETE
api_0169.yaml,/v1/sourceApis/{sourceApiIdentifier}/mergedApiAssociations/{associationId},DELETE
api_0169.yaml,/v1/mergedApis/{mergedApiIdentifier}/sourceApiAssociations/{associationId},DELETE
api_0169.yaml,/v1/apis/{apiId}/FlushCache,DELETE
api_0169.yaml,/v1/tags/{resourceArn}#tagKeys,DELETE
api_0170.yaml,/zonalshifts/{zonalShiftId},DELETE
api_0170.yaml,/zonalshifts/{zonalShiftId},PATCH
api_0172.yaml,/assessments/{assessmentId}/associateToAssessmentReport,PUT
api_0172.yaml,/assessments/{assessmentId}/batchAssociateToAssessmentReport,PUT
api_0172.yaml,/assessments/{assessmentId}/delegations,PUT
api_0172.yaml,/assessments/{assessmentId}/batchDisassociateFromAssessmentReport,PUT
api_0172.yaml,/assessments/{assessmentId},DELETE
api_0172.yaml,/assessments/{assessmentId},PUT
api_0172.yaml,/assessmentFrameworks/{frameworkId},DELETE
api_0172.yaml,/assessmentFrameworks/{frameworkId},PUT
api_0172.yaml,/assessmentFrameworkShareRequests/{requestId}#requestType,DELETE
api_0172.yaml,/assessments/{assessmentId}/reports/{assessmentReportId},DELETE
api_0172.yaml,/controls/{controlId},DELETE
api_0172.yaml,/controls/{controlId},PUT
api_0172.yaml,/assessments/{assessmentId}/disassociateFromAssessmentReport,PUT
api_0172.yaml,/tags/{resourceArn}#tagKeys,DELETE
api_0172.yaml,/assessments/{assessmentId}/controlSets/{controlSetId}/controls/{controlId},PUT
api_0172.yaml,/assessments/{assessmentId}/controlSets/{controlSetId}/status,PUT
api_0172.yaml,/assessmentFrameworkShareRequests/{requestId},PUT
api_0172.yaml,/assessments/{assessmentId}/status,PUT
api_0176.yaml,/legal-holds/{legalHoldId}#cancelDescription,DELETE
api_0176.yaml,/backup/plans/{backupPlanId}/selections/,PUT
api_0176.yaml,/backup-vaults/{backupVaultName},PUT
api_0176.yaml,/backup-vaults/{backupVaultName},DELETE
api_0176.yaml,/backup/plans/{backupPlanId},DELETE
api_0176.yaml,/backup/plans/{backupPlanId}/selections/{selectionId},DELETE
api_0176.yaml,/backup-vaults/{backupVaultName}/access-policy,DELETE
api_0176.yaml,/backup-vaults/{backupVaultName}/access-policy,PUT
api_0176.yaml,/backup-vaults/{backupVaultName}/vault-lock,DELETE
api_0176.yaml,/backup-vaults/{backupVaultName}/vault-lock,PUT
api_0176.yaml,/backup-vaults/{backupVaultName}/notification-configuration,DELETE
api_0176.yaml,/backup-vaults/{backupVaultName}/notification-configuration,PUT
api_0176.yaml,/audit/frameworks/{frameworkName},DELETE
api_0176.yaml,/audit/frameworks/{frameworkName},PUT
api_0176.yaml,/backup-vaults/{backupVaultName}/recovery-points/{recoveryPointArn},DELETE
api_0176.yaml,/audit/report-plans/{reportPlanName},DELETE
api_0176.yaml,/audit/report-plans/{reportPlanName},PUT
api_0176.yaml,/backup-vaults/{backupVaultName}/recovery-points/{recoveryPointArn}/parentAssociation,DELETE
api_0178.yaml,/backup-jobs/{jobId}/object/{objectName},DELETE
api_0178.yaml,/backup-jobs/{jobId}/object/{objectName},PUT
api_0178.yaml,/backup-jobs/{jobId}/object/{uploadId}/complete#checksum&checksum-algorithm,PUT
api_0178.yaml,/backup-jobs/{jobId}/chunk/{uploadId}/{chunkIndex}#length&checksum&checksum-algorithm,PUT
api_0178.yaml,/backup-jobs/{jobId}/object/{objectName}/put-object,PUT
api_0179.yaml,/v1/tags/{resourceArn}#tagKeys,DELETE
api_0180.yaml,/tags/{ResourceArn}#tagKeys,DELETE
api_0181.yaml,/job/{jobArn}/cancel,PUT
api_0181.yaml,/quantum-task/{quantumTaskArn}/cancel,PUT
api_0181.yaml,/tags/{resourceArn}#tagKeys,DELETE
api_0184.yaml,/accounts/{accountId},DELETE
api_0184.yaml,/app-instances/{appInstanceArn},DELETE
api_0184.yaml,/app-instances/{appInstanceArn},PUT
api_0184.yaml,/app-instances/{appInstanceArn}/admins/{appInstanceAdminArn},DELETE
api_0184.yaml,/app-instances/{appInstanceArn}/streaming-configurations,DELETE
api_0184.yaml,/app-instances/{appInstanceArn}/streaming-configurations,PUT
api_0184.yaml,/app-instance-users/{appInstanceUserArn},DELETE
api_0184.yaml,/app-instance-users/{appInstanceUserArn},PUT
api_0184.yaml,/meetings/{meetingId}/attendees/{attendeeId},DELETE
api_0184.yaml,/channels/{channelArn},DELETE
api_0184.yaml,/channels/{channelArn},PUT
api_0184.yaml,/channels/{channelArn}/bans/{memberArn},DELETE
api_0184.yaml,/channels/{channelArn}/memberships/{memberArn},DELETE
api_0184.yaml,/channels/{channelArn}/messages/{messageId},DELETE
api_0184.yaml,/channels/{channelArn}/messages/{messageId},PUT
api_0184.yaml,/channels/{channelArn}/moderators/{channelModeratorArn},DELETE
api_0184.yaml,/accounts/{accountId}/bots/{botId}/events-configuration,DELETE
api_0184.yaml,/accounts/{accountId}/bots/{botId}/events-configuration,PUT
api_0184.yaml,/media-capture-pipelines/{mediaPipelineId},DELETE
api_0184.yaml,/meetings/{meetingId},DELETE
api_0184.yaml,/phone-numbers/{phoneNumberId},DELETE
api_0184.yaml,/voice-connectors/{voiceConnectorId}/proxy-sessions/{proxySessionId},DELETE
api_0184.yaml,/accounts/{accountId}/rooms/{roomId},DELETE
api_0184.yaml,/accounts/{accountId}/rooms/{roomId}/memberships/{memberId},DELETE
api_0184.yaml,/sip-media-applications/{sipMediaApplicationId},DELETE
api_0184.yaml,/sip-media-applications/{sipMediaApplicationId},PUT
api_0184.yaml,/sip-rules/{sipRuleId},DELETE
api_0184.yaml,/sip-rules/{sipRuleId},PUT
api_0184.yaml,/voice-connectors/{voiceConnectorId},DELETE
api_0184.yaml,/voice-connectors/{voiceConnectorId},PUT
api_0184.yaml,/voice-connectors/{voiceConnectorId}/emergency-calling-configuration,DELETE
api_0184.yaml,/voice-connectors/{voiceConnectorId}/emergency-calling-configuration,PUT
api_0184.yaml,/voice-connector-groups/{voiceConnectorGroupId},DELETE
api_0184.yaml,/voice-connector-groups/{voiceConnectorGroupId},PUT
api_0184.yaml,/voice-connectors/{voiceConnectorId}/origination,DELETE
api_0184.yaml,/voice-connectors/{voiceConnectorId}/origination,PUT
api_0184.yaml,/voice-connectors/{voiceConnectorId}/programmable-numbers/proxy,DELETE
api_0184.yaml,/voice-connectors/{voiceConnectorId}/programmable-numbers/proxy,PUT
api_0184.yaml,/voice-connectors/{voiceConnectorId}/streaming-configuration,DELETE
api_0184.yaml,/voice-connectors/{voiceConnectorId}/streaming-configuration,PUT
api_0184.yaml,/voice-connectors/{voiceConnectorId}/termination,DELETE
api_0184.yaml,/voice-connectors/{voiceConnectorId}/termination,PUT
api_0184.yaml,/accounts/{accountId}/settings,PUT
api_0184.yaml,/app-instances/{appInstanceArn}/retention-settings,PUT
api_0184.yaml,/accounts/{accountId}/retention-settings,PUT
api_0184.yaml,/sip-media-applications/{sipMediaApplicationId}/logging-configuration,PUT
api_0184.yaml,/accounts/{accountId}/users/{userId}/settings,PUT
api_0184.yaml,/voice-connectors/{voiceConnectorId}/logging-configuration,PUT
api_0184.yaml,/channels/{channelArn}/readMarker,PUT
api_0185.yaml,/app-instances/{appInstanceArn},DELETE
api_0185.yaml,/app-instances/{appInstanceArn},PUT
api_0185.yaml,/app-instances/{appInstanceArn}/admins/{appInstanceAdminArn},DELETE
api_0185.yaml,/app-instance-bots/{appInstanceBotArn},DELETE
api_0185.yaml,/app-instance-bots/{appInstanceBotArn},PUT
api_0185.yaml,/app-instance-users/{appInstanceUserArn},DELETE
api_0185.yaml,/app-instance-users/{appInstanceUserArn},PUT
api_0185.yaml,/app-instance-users/{appInstanceUserArn}/endpoints/{endpointId},DELETE
api_0185.yaml,/app-instance-users/{appInstanceUserArn}/endpoints/{endpointId},PUT
api_0185.yaml,/app-instances/{appInstanceArn}/retention-settings,PUT
api_0185.yaml,/app-instance-users/{appInstanceUserArn}/expiration-settings,PUT
api_0186.yaml,/sdk-media-capture-pipelines/{mediaPipelineId},DELETE
api_0186.yaml,/media-insights-pipeline-configurations/{identifier},DELETE
api_0186.yaml,/media-insights-pipeline-configurations/{identifier},PUT
api_0186.yaml,/sdk-media-pipelines/{mediaPipelineId},DELETE
api_0186.yaml,/media-insights-pipeline-status/{identifier},PUT
api_0187.yaml,/meetings/{MeetingId}/attendees/capabilities#operation=batch-update-except,PUT
api_0187.yaml,/meetings/{MeetingId}/attendees/{AttendeeId},DELETE
api_0187.yaml,/meetings/{MeetingId},DELETE
api_0187.yaml,/meetings/{MeetingId}/attendees/{AttendeeId}/capabilities,PUT
api_0188.yaml,/channels/{channelArn}/channel-flow#x-amz-chime-bearer,PUT
api_0188.yaml,/channels/{channelArn}#x-amz-chime-bearer,DELETE
api_0188.yaml,/channels/{channelArn}#x-amz-chime-bearer,PUT
api_0188.yaml,/channels/{channelArn}/bans/{memberArn}#x-amz-chime-bearer,DELETE
api_0188.yaml,/channel-flows/{channelFlowArn},DELETE
api_0188.yaml,/channel-flows/{channelFlowArn},PUT
api_0188.yaml,/channels/{channelArn}/memberships/{memberArn}#x-amz-chime-bearer,DELETE
api_0188.yaml,/channels/{channelArn}/messages/{messageId}#x-amz-chime-bearer,DELETE
api_0188.yaml,/channels/{channelArn}/messages/{messageId}#x-amz-chime-bearer,PUT
api_0188.yaml,/channels/{channelArn}/moderators/{channelModeratorArn}#x-amz-chime-bearer,DELETE
api_0188.yaml,/app-instances/{appInstanceArn}/streaming-configurations,DELETE
api_0188.yaml,/app-instances/{appInstanceArn}/streaming-configurations,PUT
api_0188.yaml,/channels/{channelArn}/channel-flow/{channelFlowArn}#x-amz-chime-bearer,DELETE
api_0188.yaml,/channels/{channelArn}/memberships/{memberArn}/preferences#x-amz-chime-bearer,PUT
api_0188.yaml,/channels/{channelArn}/expiration-settings,PUT
api_0188.yaml,/channels/{channelArn}/readMarker#x-amz-chime-bearer,PUT
api_0189.yaml,/phone-numbers/{phoneNumberId},DELETE
api_0189.yaml,/voice-connectors/{voiceConnectorId}/proxy-sessions/{proxySessionId},DELETE
api_0189.yaml,/sip-media-applications/{sipMediaApplicationId},DELETE
api_0189.yaml,/sip-media-applications/{sipMediaApplicationId},PUT
api_0189.yaml,/sip-rules/{sipRuleId},DELETE
api_0189.yaml,/sip-rules/{sipRuleId},PUT
api_0189.yaml,/voice-connectors/{voiceConnectorId},DELETE
api_0189.yaml,/voice-connectors/{voiceConnectorId},PUT
api_0189.yaml,/voice-connectors/{voiceConnectorId}/emergency-calling-configuration,DELETE
api_0189.yaml,/voice-connectors/{voiceConnectorId}/emergency-calling-configuration,PUT
api_0189.yaml,/voice-connector-groups/{voiceConnectorGroupId},DELETE
api_0189.yaml,/voice-connector-groups/{voiceConnectorGroupId},PUT
api_0189.yaml,/voice-connectors/{voiceConnectorId}/origination,DELETE
api_0189.yaml,/voice-connectors/{voiceConnectorId}/origination,PUT
api_0189.yaml,/voice-connectors/{voiceConnectorId}/programmable-numbers/proxy,DELETE
api_0189.yaml,/voice-connectors/{voiceConnectorId}/programmable-numbers/proxy,PUT
api_0189.yaml,/voice-connectors/{voiceConnectorId}/streaming-configuration,DELETE
api_0189.yaml,/voice-connectors/{voiceConnectorId}/streaming-configuration,PUT
api_0189.yaml,/voice-connectors/{voiceConnectorId}/termination,DELETE
api_0189.yaml,/voice-connectors/{voiceConnectorId}/termination,PUT
api_0189.yaml,/voice-profiles/{VoiceProfileId},DELETE
api_0189.yaml,/voice-profiles/{VoiceProfileId},PUT
api_0189.yaml,/voice-profile-domains/{VoiceProfileDomainId},DELETE
api_0189.yaml,/voice-profile-domains/{VoiceProfileDomainId},PUT
api_0189.yaml,/sip-media-applications/{sipMediaApplicationId}/alexa-skill-configuration,PUT
api_0189.yaml,/sip-media-applications/{sipMediaApplicationId}/logging-configuration,PUT
api_0189.yaml,/voice-connectors/{voiceConnectorId}/logging-configuration,PUT
api_0190.yaml,/memberships/{membershipIdentifier}/analysistemplates/{analysisTemplateIdentifier},DELETE
api_0190.yaml,/memberships/{membershipIdentifier}/analysistemplates/{analysisTemplateIdentifier},PATCH
api_0190.yaml,/configuredTables/{configuredTableIdentifier},DELETE
api_0190.yaml,/configuredTables/{configuredTableIdentifier},PATCH
api_0190.yaml,/configuredTables/{configuredTableIdentifier}/analysisRule/{analysisRuleType},DELETE
api_0190.yaml,/configuredTables/{configuredTableIdentifier}/analysisRule/{analysisRuleType},PATCH
api_0190.yaml,/memberships/{membershipIdentifier}/configuredTableAssociations/{configuredTableAssociationIdentifier},DELETE
api_0190.yaml,/memberships/{membershipIdentifier}/configuredTableAssociations/{configuredTableAssociationIdentifier},PATCH
api_0190.yaml,/collaborations/{collaborationIdentifier}/member/{accountId},DELETE
api_0190.yaml,/memberships/{membershipIdentifier},DELETE
api_0190.yaml,/memberships/{membershipIdentifier},PATCH
api_0190.yaml,/memberships/{membershipIdentifier}/protectedQueries/{protectedQueryIdentifier},PATCH
api_0190.yaml,/tags/{resourceArn}#tagKeys,DELETE
